,Gene,Start,End,uniprotID,Matching Isoforms,Canonical Transcript ID,orig_uniprotID,Reference,TileType,ProteinRegionSeq,Notes
50,CASZ1,31,185,Q86V15,"[['Q86V15', 'Q86V15-2']]",,Q86V15,"PMID: 22331471, 26296975, Soto",TF,LNAICAKLSRQVVVEKRADAGSHTEGSPSQPRDQERSGPESGAARAPRSEEDKRRAVIEKWVNGEYSEEPAPTPVLGRIAREGLELPPEGVYMVQPQGCSDEEDHAEEPSKDGGALEEKDSDGAASKEDSGPSTRQASGEASSLRDYAASTMTEF,
333,MEIS2,340,477,O14770,[['O14770']],,O14770,"activation_regions.txt, GSL",TF,DQSNRAGFLLDPSVSQGAAYSPEGQPMGSFVLDGQQHMGIRPAGLQSMPGDYVSQGGPMGMSMAQPSYTPPQMTPHPTQLRHGPPMHSYLPSHPHHPAMMMHGGPPTHPGMTMSAQSPTMLNSVDPNVGGQVMDIHAQ,
372,NCOA1,1,93,Q15788,"[['Q15788', 'Q15788-2', 'Q15788-3']]",,Q15788,"PMID: 9575154, Soto",TF,MSGLGDSSSDPANPDSHKRKGSPCDTLASSTEKRRREQENKYLEELAELLSANISDIDSLSVKPDKCKILKKTVDQIQLMKRMEQEKSTTDDD,
373,NCOA1,1241,1385,Q15788,"[['Q15788', 'Q15788-2', 'Q15788-3']]",,Q15788,"PMID: 9427757, Soto",TF,GEANFAPSLSPGSSMVPMPIPPPQSSLLQQTPPASGYQSPDMKAWQQGAIGNNNVFSQAVQNQPTPAQPGVYNNMSITVSMAGGNTNVQNMNPMMAQMQMSSLQMPGMNTVCPEQINDPALRHTGLYCNQLSSTDLLKTEADGTQ,
374,NCOA1,840,1011,Q15788,"[['Q15788', 'Q15788-2', 'Q15788-3'], ['Q15788-2']]",nan / ENST00000288599,Q15788 / Q15788,"PMID: 9427757, 9575154, Soto / DelRosso et al.",TF,VTSVTIKSEILPASLQSATARPTSRLNRLPELELEAIDNQFGQPGTGDQIPWTNNTVTAINQSKSEDQCISSQLDELLCPPTTVEGRNDEKALLEQLVSFLSGKDETELAELDRALGIDKLVQGGGLDVLSERFPPQQATPPLIMEERPNLYSQPYSSPSPTANLPSPFQGM,
411,NKX2-2,220,273,O95096,[['O95096']],,O95096,"PMID: 10944215, Soto",TF,AQDLAAATFQAGIPFSAYSAQSLQHMQYNAQYSSASTPQYPTAHPLVQAQQWTW,
431,NR4A2,1,91,P43354,"[['P43354'], ['P43354']]",nan / ENST00000339562,P43354 / P43354,"PMID: 14672718, Soto / DelRosso et al.",TF,MPCVQAQYGSSPQGASPASQSYSYHSSGEYSSDFLTPEFVKFSMDLTNTEITATTSLPSFSTFMDNYSTGYDVKPPCLYQMPLSGQQSSIK,
432,NR4A2,584,598,P43354,[['P43354']],,P43354,"PMID: 9572393, Soto",TF,PPAIIDKLFLDTLPF,
539,RORA,272,385,P35398,[['P35398']],,P35398,"PMID: 10478845, Soto",TF,ELEHLAQNISKSHLETCQYLREELQQITWQTFLQEEIENYQNKQREVMWQLCAIKITEAIQYVVEFAKRIDGFMELCQNDQIVLLKAGSLEVVFIRMCRAFDSQNNTVYFDGKY,
637,TCF7L2,1,53,Q9NQB0,"[['Q9NQB0', 'Q9NQB0-10', 'Q9NQB0-11', 'Q9NQB0-12', 'Q9NQB0-13', 'Q9NQB0-14', 'Q9NQB0-15', 'Q9NQB0-16', 'Q9NQB0-2', 'Q9NQB0-3', 'Q9NQB0-4', 'Q9NQB0-5', 'Q9NQB0-6', 'Q9NQB0-7', 'Q9NQB0-8', 'Q9NQB0-9']]",,Q9NQB0,"PMID: 21281469, Soto",TF,MPQLNGGGGDDLGANDELISFKDEGEQEEKSSENSSAERDLADVKSSLVNESE,
638,TCF7L2,459,505,Q9NQB0,"[['Q9NQB0'], ['Q9NQB0']]",nan / nan,Q9NQB0 / Q9NQB0,"PMID: 21281469, Soto / activation_regions.txt, GSL",TF,SAPKKCRARFGLDQQNNWCGPCRRKKKCVRYIQGEGSCLSPPSSDGS,
699,YY1,1,69,P25490,[['P25490']],,P25490,"PMID: 7731805, Soto",TF,MASGDTLYIATDGSEMPAEIVELHEIEVETIPVETIETTVVGEEEEEDDDDEDGGGGDHGGGGGHGHAG,
700,YY1,371,397,P25490,[['P25490']],,P25490,"activation_regions.txt, GSL",TF,RTHVRIHTGDRPYVCPFDGCNKKFAQS,
